
CREATE DATABASE QLBH
USE QLBH

--1. Tạo các quan hệ và khai báo các khóa chính, khóa ngoại của quan hệ.
CREATE TABLE KHACHHANG
(
	MAKH char(4) CONSTRAINT PK_KH PRIMARY KEY,	
	HOTEN varchar(40),
	DCHI varchar(50),
	SODT varchar(20),
	NGSINH smalldatetime,
	NGDK smalldatetime,
	DOANHSO	money,
)

CREATE TABLE NHANVIEN
(
    MANV char(4) CONSTRAINT PK_NV PRIMARY KEY,
	HOTEN varchar(40),
	SODT varchar(20),
	NGVL smalldatetime
)

CREATE TABLE SANPHAM
(
    MASP char(4) CONSTRAINT PK_SP PRIMARY KEY,
	TENSP varchar(40),
	DVT varchar(20),
	NUOCSX varchar(40),
	GIA money
)

CREATE TABLE HOADON
(
    SOHD int CONSTRAINT PK_HD PRIMARY KEY,
	NGHD smalldatetime,
	MAKH char(4),
	MANV char(4),
	TRIGIA money
)

CREATE TABLE CTHD
(
    SOHD int,
	MASP char(4),
	SL int
	CONSTRAINT PK_CTHD PRIMARY KEY(SOHD,MASP)
)
SET DATEFORMAT dmy

/*tạo khóa ngoại*/
ALTER TABLE HOADON ADD CONSTRAINT FK01_HD FOREIGN KEY(MAKH) REFERENCES KHACHHANG(MAKH)
ALTER TABLE HOADON ADD CONSTRAINT FK02_HD FOREIGN KEY(MANV) REFERENCES NHANVIEN(MANV)
ALTER TABLE CTHD ADD CONSTRAINT FK01_CTHD FOREIGN KEY(SOHD) REFERENCES HOADON(SOHD)
ALTER TABLE CTHD ADD CONSTRAINT FK02_CTHD FOREIGN KEY(MASP) REFERENCES SANPHAM(MASP)

SELECT *FROM KHACHHANG

/*insert KHACHHANG*/
INSERT INTO KHACHHANG VALUES ('KH01','Nguyen Van A','731 Tran Hung Dao, Q5, TpHCM','08823451','22/10/1960 ','22/07/2006',13060000)
INSERT INTO KHACHHANG VALUES ('KH02','Tran Ngoc Han','23/5 Nguyen Trai, Q5, TpHCM','0908256478','3/4/1974 ','30/07/2006',280000)
INSERT INTO KHACHHANG VALUES ('KH03','Tran Ngoc Linh','45 Nguyen Canh Chan, Q1, TpHCM','0938776266','12/6/1980 ','05/08/2006',3860000)
INSERT INTO KHACHHANG VALUES ('KH04','Tran Minh Long','50/34 Le Dai Hanh, Q10, TpHCM','0917325476','9/3/1965 ','02/10/2006',250000)
INSERT INTO KHACHHANG VALUES ('KH05','Le Nhat Minh','34 Truong Dinh, Q3, TpHCM','08246108','10/3/1950 ','28/10/2006',21000)
INSERT INTO KHACHHANG VALUES ('KH06','Le Hoai Thuong','227 Nguyen Van Cu, Q5, TpHCM','08631738','31/12/1981 ','24/11/2006',9125000)
INSERT INTO KHACHHANG VALUES ('KH07','Nguyen Van Tam','32/3 Tran Binh Trong, Q5, TpHCM','0916783565','6/4/1971 ','01/12/2006',12500)
INSERT INTO KHACHHANG VALUES ('KH08','Phan Thi Thanh','45/2 An Duong Vuong, Q5, TpHCM','0938435756','10/1/1971 ','13/12/2006',365000)
INSERT INTO KHACHHANG VALUES ('KH09','Le Ha Vinh','873 Le Hong Phong, Q5, TpHCM','08654763','3/9/1979 ','14/01/2007',70000)
INSERT INTO KHACHHANG VALUES ('KH10','Ha Duy Lap','34/34B Nguyen Trai, Q1, TpHCM','08768904','2/5/1983 ','16/01/2007',67500)

/*insert NHANVIEN*/
INSERT INTO NHANVIEN VALUES('NV01','Nguyen Nhu Nhut','0927345678','13/4/2006')
INSERT INTO NHANVIEN VALUES('NV02','Le Thi Phi Yen','0987567390','21/4/2006')
INSERT INTO NHANVIEN VALUES('NV03','Nguyen Van B','0997047382','27/4/2006')
INSERT INTO NHANVIEN VALUES('NV04','Ngo Thanh Tuan','0913758498','24/6/2006')
INSERT INTO NHANVIEN VALUES('NV05','Nguyen Thi Truc Thanh','0918590387','20/7/2006')

/*insert SANPHAM*/
INSERT INTO SANPHAM VALUES('BC01','But chi','cay','Singapore',3000)
INSERT INTO SANPHAM VALUES('BC02','But chi','cay','Singapore',5000)
INSERT INTO SANPHAM VALUES('BC03','But chi','cay','Viet Nam',3500)
INSERT INTO SANPHAM VALUES('BC04','But chi','hop','Viet Nam',30000)
INSERT INTO SANPHAM VALUES('BB01','But bi','cay','Viet Nam',5000)
INSERT INTO SANPHAM VALUES('BB02','But bi','cay','Trung Quoc',7000)
INSERT INTO SANPHAM VALUES('BB03','But bi','hop','Thai Lan',100000)
INSERT INTO SANPHAM VALUES('TV01','Tap 100 giay mong','quyen','Trung Quoc',2500)
INSERT INTO SANPHAM VALUES('TV02','Tap 200 giay mong','quyen','Trung Quoc',4500)
INSERT INTO SANPHAM VALUES('TV03','Tap 100 giay tot','quyen','Viet Nam',3000)
INSERT INTO SANPHAM VALUES('TV04','Tap 200 giay tot','quyen','Viet Nam',5500)
INSERT INTO SANPHAM VALUES('TV05','Tap 100 trang','chuc','Viet Nam',23000)
INSERT INTO SANPHAM VALUES('TV06','Tap 200 trang','chuc','Viet Nam',53000)
INSERT INTO SANPHAM VALUES('TV07','Tap 100 trang','chuc','Trung Quoc',34000)
INSERT INTO SANPHAM VALUES('ST01','So tay 500 trang','quyen','Trung Quoc',40000)
INSERT INTO SANPHAM VALUES('ST02','So tay loai 1','quyen','Viet Nam',55000)
INSERT INTO SANPHAM VALUES('ST03','So tay loai 2','quyen','Viet Nam',51000)
INSERT INTO SANPHAM VALUES('ST04','So tay','quyen','Thai Lan',55000)
INSERT INTO SANPHAM VALUES('ST05','So tay mong','quyen','Thai Lan',20000)
INSERT INTO SANPHAM VALUES('ST06','Phan viet bang','hop','Viet Nam',5000)
INSERT INTO SANPHAM VALUES('ST07','Phan khong bui','hop','Viet Nam',7000)
INSERT INTO SANPHAM VALUES('ST08','Bong bang','cai','Viet Nam',1000)
INSERT INTO SANPHAM VALUES('ST09','But long','cay','Viet Nam',5000)
INSERT INTO SANPHAM VALUES('ST10','But long','cay','Trung Quoc',7000)

/*insert HOADON*/
INSERT INTO HOADON VALUES(1001,'23/07/2006','KH01','NV01',320000)
INSERT INTO HOADON VALUES(1002,'12/08/2006','KH01','NV02',840000)
INSERT INTO HOADON VALUES(1003,'23/08/2006','KH02','NV01',100000)
INSERT INTO HOADON VALUES(1004,'01/09/2006','KH02','NV01',180000)
INSERT INTO HOADON VALUES(1005,'20/10/2006','KH01','NV02',3800000)
INSERT INTO HOADON VALUES(1006,'16/10/2006','KH01','NV03',2430000)
INSERT INTO HOADON VALUES(1007,'28/10/2006','KH03','NV03',510000)
INSERT INTO HOADON VALUES(1008,'28/10/2006','KH01','NV03',440000)
INSERT INTO HOADON VALUES(1009,'28/10/2006','KH03','NV04',200000)
INSERT INTO HOADON VALUES(1010,'01/11/2006','KH01','NV01',5200000)
INSERT INTO HOADON VALUES(1011,'04/11/2006','KH04','NV03',250000)
INSERT INTO HOADON VALUES(1012,'30/11/2006','KH05','NV03',21000)
INSERT INTO HOADON VALUES(1013,'12/12/2006','KH06','NV01',5000)
INSERT INTO HOADON VALUES(1014,'31/12/2006','KH03','NV02',3150000)
INSERT INTO HOADON VALUES(1015,'01/01/2007','KH06','NV01',910000)
INSERT INTO HOADON VALUES(1016,'01/01/2007','KH07','NV02',12500)
INSERT INTO HOADON VALUES(1017,'02/01/2007','KH08','NV03',35000)
INSERT INTO HOADON VALUES(1018,'13/01/2007','KH08','NV03',330000)
INSERT INTO HOADON VALUES(1019,'13/01/2007','KH01','NV03',30000)
INSERT INTO HOADON VALUES(1020,'14/01/2007','KH09','NV04',70000)
INSERT INTO HOADON VALUES(1021,'16/01/2007','KH10','NV03',67500)
INSERT INTO HOADON VALUES(1022,'16/01/2007','NULL','NV03',7000)
INSERT INTO HOADON VALUES(1023,'17/01/2007','NULL','NV01',330000)

/*insert CTHD*/
INSERT INTO CTHD VALUES(1001,'TV02',10)
INSERT INTO CTHD VALUES(1001,'ST01',5)
INSERT INTO CTHD VALUES(1001,'BC01',5)
INSERT INTO CTHD VALUES(1001,'BC02',10)
INSERT INTO CTHD VALUES(1001,'ST08',10)
INSERT INTO CTHD VALUES(1002,'BC04',20)
INSERT INTO CTHD VALUES(1002,'BB01',20)
INSERT INTO CTHD VALUES(1002,'BB02',20)
INSERT INTO CTHD VALUES(1003,'BB03',10)
INSERT INTO CTHD VALUES(1004,'TV01',20)
INSERT INTO CTHD VALUES(1004,'TV02',10)
INSERT INTO CTHD VALUES(1004,'TV03',10)
INSERT INTO CTHD VALUES(1004,'TV04',10)
INSERT INTO CTHD VALUES(1005,'TV05',50)
INSERT INTO CTHD VALUES(1005,'TV06',50)
INSERT INTO CTHD VALUES(1006,'TV07',20)
INSERT INTO CTHD VALUES(1006,'ST01',30)
INSERT INTO CTHD VALUES(1006,'ST02',10)
INSERT INTO CTHD VALUES(1007,'ST03',10)
INSERT INTO CTHD VALUES(1008,'ST04',8)
INSERT INTO CTHD VALUES(1009,'ST05',10)
INSERT INTO CTHD VALUES(1010,'TV07',50)
INSERT INTO CTHD VALUES(1010,'ST07',50)
INSERT INTO CTHD VALUES(1010,'ST08',100)
INSERT INTO CTHD VALUES(1010,'ST04',50)
INSERT INTO CTHD VALUES(1010,'TV03',100)
INSERT INTO CTHD VALUES(1011,'ST06',50)
INSERT INTO CTHD VALUES(1012,'ST07',3)
INSERT INTO CTHD VALUES(1013,'ST08',5)
INSERT INTO CTHD VALUES(1014,'BC02',80)
INSERT INTO CTHD VALUES(1014,'BB02',100)
INSERT INTO CTHD VALUES(1014,'BC04',60)
INSERT INTO CTHD VALUES(1014,'BB01',50)
INSERT INTO CTHD VALUES(1015,'BB02',30)
INSERT INTO CTHD VALUES(1015,'BB03',7)
INSERT INTO CTHD VALUES(1016,'TV01',5)
INSERT INTO CTHD VALUES(1017,'TV02',1)
INSERT INTO CTHD VALUES(1017,'TV03',1)
INSERT INTO CTHD VALUES(1017,'TV04',5)
INSERT INTO CTHD VALUES(1018,'ST04',6)
INSERT INTO CTHD VALUES(1019,'ST05',1)
INSERT INTO CTHD VALUES(1019,'ST06',2)
INSERT INTO CTHD VALUES(1020,'ST07',10)
INSERT INTO CTHD VALUES(1021,'ST08',5)
INSERT INTO CTHD VALUES(1021,'TV01',7)
INSERT INTO CTHD VALUES(1021,'TV02',10)
INSERT INTO CTHD VALUES(1022,'ST07',1)
INSERT INTO CTHD VALUES(1023,'ST04',6)

/*Ngôn ngữ định nghĩa dữ liệu*/
--2. Thêm vào thuộc tính GHICHU có kiểu dữ liệu varchar(20) cho quan hệ SANPHAM.
ALTER TABLE SANPHAM 
ADD GHICHU varchar(20);

--3. Thêm vào thuộc tính LOAIKH có kiểu dữ liệu là tinyint cho quan hệ KHACHHANG.
ALTER TABLE KHACHHANG
ADD LOAIKH tinyint;

--4. Sửa kiểu dữ liệu của thuộc tính GHICHU trong quan hệ SANPHAM thành varchar(100).
ALTER TABLE SANPHAM 
ALTER COLUMN GHICHU varchar(100);

--5. Xóa thuộc tính GHICHU trong quan hệ SANPHAM.
ALTER TABLE SANPHAM
DROP COLUMN GHICHU;

--6. Làm thế nào để thuộc tính LOAIKH trong quan hệ KHACHHANG có thể lưu các giá trị là: “Vang lai”, “Thuong xuyen”, “Vip”, ...
ALTER TABLE KHACHHANG
ALTER COLUMN LOAIKH varchar(20);

--7. Đơn vị tính của sản phẩchỉ có thể là (“cay”,”hop”,”cai”,”quyen”,”chuc”)
ALTER TABLE SANPHAM
ADD CONSTRAINT CHK_DVT CHECK(DVT IN('cay','hop','quyen','cai','chuc'));

--8. Giá bán của sản phẩm từ 500 đồng trở lên.
ALTER TABLE SANPHAM
ADD CONSTRAINT CHK_GIA CHECK(GIA>=500);

/*NGÔN NGỮ TRUY VẤN DỮ LIỆU*/
--2. Tạo quan hệ SANPHAM1 chứa toàn bộ dữ liệu của quan hệ SANPHAM. Tạo quan hệ KHACHHANG1 chứa toàn bộ dữ liệu của quan hệ KHACHHANG.
SELECT* INTO SANPHAM1 FROM SANPHAM
SELECT* INTO KHACHHANG1 FROM KHACHHANG

--3. Cập nhật giá tăng 5% đối với những sản phẩm do “Thai Lan” sản xuất (cho quan hệ SANPHAM1)
UPDATE SANPHAM1
SET GIA=1.05*GIA
WHERE (NUOCSX='Thai Lan')

   /*về lại giá cũ*/
UPDATE SANPHAM1 SET GIA = GIA / 1.05 WHERE NUOCSX = 'THAI LAN'

--4. Cập nhật giá giảm 5% đối với những sản phẩm do “Trung Quoc” sản xuất có giá từ 10.000 trở xuống (cho quan hệ SANPHAM1).
UPDATE SANPHAM1
SET GIA=0.95*GIA
WHERE (NUOCSX='Trung Quoc' AND GIA<=10000)

--5. Cập nhật giá trị LOAIKH là “Vip” đối với những khách hàng đăng ký thành viên trước ngày 1/1/2007 có doanh số từ 10.000.000 trở lên hoặc khách hàng đăng ký thành viên từ 1/1/2007 trở về sau có doanh số từ 2.000.000 trở lên (cho quan hệ KHACHHANG1).
ALTER TABLE KHACHHANG1
ADD LOAIKH char(20)
UPDATE KHACHHANG1
SET LOAIKH = 'Vip'
WHERE (NGDK<'1/1/2007' AND DOANHSO>=10000000)OR(NGDK>='1/1/2007' AND DOANHSO>2000000)

--CẬP NHẬP LOAIKH LÀ "Vãng Lai" nếu không phải "Vip"
UPDATE KHACHHANG SET LOAIKH = 'VANGLAI' WHERE LOAIKH IS NULL

/*Ngôn ngữ truy vấn dữ liệu*/
--1. In ra danh sách các sản phẩm (MASP,TENSP) do “Trung Quoc” sản xuất.
SELECT MASP, TENSP
FROM SANPHAM
WHERE NUOCSX='Trung Quoc'

--2. In ra danh sách các sản phẩm (MASP, TENSP) có đơn vị tính là “cay”, ”quyen”.
SELECT MASP, TENSP
FROM SANPHAM
WHERE DVT='cay' OR DVT='quyen'

--3. In ra danh sách các sản phẩm (MASP,TENSP) có mã sản phẩm bắt đầu là “B” và kết thúc là “01”.
SELECT MASP, TENSP
FROM SANPHAM
WHERE MASP LIKE 'B_01'

--4. In ra danh sách các sản phẩm (MASP,TENSP) do “Trung Quốc” sản xuất có giá từ 30.000 đến 40.000.
SELECT MASP, TENSP
FROM SANPHAM
WHERE NUOCSX='Trung Quốc' AND GIA BETWEEN 30000 AND 40000

SELECT MASP, TENSP
FROM SANPHAM
WHERE NUOCSX='Trung Quốc' 
INTERSECT
SELECT MASP, TENSP
FROM SANPHAM
WHERE GIA BETWEEN 30000 AND 40000

--5. In ra danh sách các sản phẩm (MASP,TENSP) do “Trung Quoc” hoặc “Thai Lan” sản xuất có giá từ 30.000 đến 40.000.
SELECT MASP, TENSP
FROM SANPHAM
WHERE NUOCSX= 'Trung Quoc' and GIA BETWEEN 30000 AND 40000
UNION
SELECT MASP, TENSP
FROM SANPHAM
WHERE NUOCSX= 'Thai Lan ' and GIA BETWEEN 30000 AND 40000

--6. In ra các số hóa đơn, trị giá hóa đơn bán ra trong ngày 1/1/2007 và ngày 2/1/2007.
SELECT SOHD, TRIGIA
FROM HOADON
WHERE NGHD IN ('1/1/2007','2/1/2007')

--7. In ra các số hóa đơn, trị giá hóa đơn trong tháng 1/2007, sắp xếp theo ngày (tăng dần) và trị giá của hóa đơn (giảm dần).
SELECT SOHD, TRIGIA
FROM HOADON
WHERE MONTH(NGHD)=1 AND YEAR(NGHD)=2007
ORDER BY NGHD ASC, TRIGIA DESC

--8. In ra danh sách các khách hàng (MAKH, HOTEN) đã mua hàng trong ngày 1/1/2007.
SELECT KHACHHANG.MAKH,HOTEN
FROM KHACHHANG,HOADON
WHERE KHACHHANG.MAKH=HOADON.MAKH AND NGHD='1/1/2007'

--9. In ra số hóa đơn, trị giá các hóa đơn do nhân viên có tên “Nguyen Van B” lập trong ngày 28/10/2006.
SELECT SOHD,TRIGIA
FROM HOADON,NHANVIEN
WHERE HOADON.MANV=HOADON.MAKH AND HOTEN='Nguyen Van B' AND NGHD ='28/10/2006'

--10. In ra danh sách các sản phẩm (MASP,TENSP) được khách hàng có tên “Nguyen Van A” mua trong tháng 10/2006.
SELECT SANPHAM.MASP, TENSP
FROM SANPHAM,HOADON,KHACHHANG,CTHD
WHERE HOADON.MAKH=KHACHHANG.MAKH AND CTHD.SOHD=HOADON.SOHD AND CTHD.MASP=SANPHAM.MASP AND HOTEN='Nguyen Van A' AND MONTH (NGHD)=10 AND YEAR(NGHD)=2006

--11. Tìm các số hóa đơn đã mua sản phẩm có mã số “BB01” hoặc “BB02”.
SELECT CTHD.SOHD
FROM HOADON,CTHD,SANPHAM
WHERE HOADON.SOHD=CTHD.SOHD AND CTHD.MASP=SANPHAM.MASP AND (SANPHAM.MASP='BB01' OR SANPHAM.MASP='BB02')

--12. Tìm các số hóa đơn đã mua sản phẩm có mã số “BB01” hoặc “BB02”, mỗi sản phẩm mua với số lượng từ 10 đến 20.
SELECT SOHD
FROM CTHD
WHERE CTHD.MASP='BB01' AND (SL BETWEEN 10 AND 20)
UNION
SELECT SOHD
FROM CTHD
WHERE CTHD.MASP='BB02' AND (SL BETWEEN 10 AND 20)

--13. Tìm các số hóa đơn mua cùng lúc 2 sản phẩm có mã số “BB01” và “BB02”, mỗi sản phẩm mua với số lượng từ 10 đến 20.
SELECT SOHD
FROM CTHD
WHERE CTHD.MASP='BB01' AND (SL BETWEEN 10 AND 20)
INTERSECT
SELECT SOHD
FROM CTHD
WHERE CTHD.MASP='BB02' AND (SL BETWEEN 10 AND 20)

--14. In ra danh sách các sản phẩm (MASP,TENSP) do “Trung Quoc” sản xuất hoặc các sản phẩm được bán ra trong ngày 1/1/2007.
SELECT DISTINCT SP.MASP,TENSP
FROM (HOADON HD JOIN CTHD ON HD.SOHD=CTHD.SOHD) RIGHT JOIN SANPHAM SP ON CTHD.MASP=SP.MASP
WHERE NUOCSX='Trung Quoc'
UNION
SELECT DISTINCT SP.MASP,TENSP
FROM (HOADON HD JOIN CTHD ON HD.SOHD=CTHD.SOHD) RIGHT JOIN SANPHAM SP ON CTHD.MASP=SP.MASP
WHERE NGHD='1/1/2017'

--15. In ra danh sách các sản phẩm (MASP,TENSP) không bán được.
SELECT MASP,TENSP
FROM SANPHAM
EXCEPT
SELECT SP.MASP,TENSP
FROM SANPHAM SP, CTHD
WHERE CTHD.MASP=SP.MASP

--16. In ra danh sách các sản phẩm (MASP,TENSP) không bán được trong năm 2006.
SELECT MASP,TENSP
FROM SANPHAM
EXCEPT
SELECT SP.MASP,TENSP
FROM SANPHAM SP, CTHD, HOADON HD
WHERE CTHD.MASP=SP.MASP AND HD.SOHD=CTHD.SOHD AND YEAR(NGHD)=2006

--17. In ra danh sách các sản phẩm (MASP,TENSP) do “Trung Quoc” sản xuất không bán được trong năm 2006.
SELECT MASP,TENSP
FROM SANPHAM
WHERE NUOCSX='Trung Quoc'
EXCEPT
SELECT SP.MASP,TENSP
FROM SANPHAM SP, CTHD, HOADON HD
WHERE CTHD.MASP=SP.MASP AND HD.SOHD=CTHD.SOHD AND YEAR(NGHD)=2006 AND NUOCSX='Trung Quoc'

--18. Tìm số hóa đơn trong năm 2006 đã mua ít nhất tất cả các sản phẩm do Singapore sản xuất.
SELECT SOHD
FROM HOADON
WHERE YEAR(NGHD)=2006 AND NOT EXISTS
                          (SELECT *
                           FROM SANPHAM
                           WHERE NUOCSX='Singapore' AND MASP NOT IN (SELECT MASP
                                                                    FROM CTHD
                                                                    WHERE CTHD.SOHD=HOADON.SOHD))

--19. Có bao nhiêu hóa đơn không phải của khách hàng đăng ký thành viên mua?
SELECT COUNT(SOHD) AS 'KHONG DKTV'
FROM HOADON
WHERE MAKH IS NULL

--20. Có bao nhiêu sản phẩm khác nhau được bán ra trong năm 2006.
SELECT COUNT(DISTINCT (MASP)) AS 'So sp khac nhau'
FROM HOADON HD JOIN CTHD
ON HD.SOHD=CTHD.SOHD
WHERE YEAR(NGHD)=2006

--21. Cho biết trị giá hóa đơn cao nhất, thấp nhất là bao nhiêu?
SELECT MAX(TRIGIA) AS 'Tri gia hoa don cao nhat', MIN(TRIGIA) AS 'Tri gia hoa don thap nhat'
FROM HOADON

--22. Trị giá trung bình của tất cả các hóa đơn được bán ra trong năm 2006 là bao nhiêu?
SELECT AVG(TRIGIA) AS 'Tri gia trung binh nam 2006'
FROM HOADON
WHERE YEAR(NGHD)=2006

--23. Tính doanh thu bán hàng trong năm 2006.
SELECT SUM(TRIGIA) AS 'Doanh thu'
FROM HOADON
WHERE YEAR(NGHD)=2006

--24. Tìm số hóa đơn có trị giá cao nhất trong năm 2006.
SELECT SOHD
FROM HOADON 
WHERE TRIGIA=(SELECT MAX(TRIGIA)
              FROM HOADON
              WHERE YEAR(NGHD)=2006)

--25. Tìm họ tên khách hàng đã mua hóa đơn có trị giá cao nhất trong năm 2006.
SELECT HOTEN
FROM KHACHHANG KH JOIN HOADON HD 
ON KH.MAKH=HD.MAKH
WHERE TRIGIA=(SELECT MAX(TRIGIA)
              FROM HOADON
              WHERE YEAR(NGHD)=2006)

--26. In ra danh sách 3 khách hàng (MAKH, HOTEN) có doanh số cao nhất.
SELECT TOP 3 MAKH,HOTEN
FROM KHACHHANG
ORDER BY DOANHSO DESC

--27. In ra danh sách các sản phẩm (MASP, TENSP) có giá bán bằng 1 trong 3 mức giá cao nhất.
SELECT MASP,TENSP
FROM SANPHAM
WHERE GIA IN (SELECT DISTINCT TOP 3 GIA
              FROM SANPHAM
			  ORDER BY GIA DESC)

--28. In ra danh sách các sản phẩm (MASP, TENSP) do “Thai Lan” sản xuất có giá bằng 1 trong 3 mức giá cao nhất (của tất cả các sản phẩm)
SELECT MASP,TENSP
FROM SANPHAM
WHERE NUOCSX='Thai Lan' AND GIA IN (SELECT DISTINCT TOP 3 GIA
                                    FROM SANPHAM
			                        ORDER BY GIA DESC)

--29. In ra danh sách các sản phẩm (MASP, TENSP) do “Trung Quoc” sản xuất có giá bằng 1 trong 3 mức giá cao nhất (của sản phẩm do “Trung Quoc” sản xuất).
SELECT MASP,TENSP
FROM SANPHAM
WHERE NUOCSX='Trung Quoc' AND GIA IN (SELECT DISTINCT TOP 3 GIA
                                      FROM SANPHAM
									  WHERE NUOCSX='Trung Quoc'
			                          ORDER BY GIA DESC)

--30. * In ra danh sách 3 khách hàng có doanh số cao nhất (sắp xếp theo kiểu xếp hạng).
SELECT TOP 3 MAKH,HOTEN,RANK() OVER(ORDER BY DOANHSO DESC) AS 'XEP HANG'
FROM KHACHHANG

--31. Tính tổng số sản phẩm do “Trung Quoc” sản xuất.
SELECT COUNT (MASP) AS 'Tong SP TQ'
FROM SANPHAM
WHERE NUOCSX='Trung Quoc'

--32. Tính tổng số sản phẩm của từng nước sản xuất.
SELECT NUOCSX, COUNT(MASP) AS 'Tong sp'
FROM SANPHAM
GROUP BY NUOCSX

--33. Với từng nước sản xuất, tìm giá bán cao nhất, thấp nhất, trung bình của các sản phẩm.
SELECT NUOCSX, MAX(GIA) AS 'Gia cao nhat', MIN(GIA) AS 'Gia thap nhat', AVG(GIA) AS 'Gia TB'
FROM SANPHAM
GROUP BY NUOCSX

--34. Tính doanh thu bán hàng mỗi ngày.
SELECT NGHD AS 'Ngay ban', SUM(TRIGIA) AS 'Doanh thu'
FROM HOADON
GROUP BY NGHD

--35. Tính tổng số lượng của từng sản phẩm bán ra trong tháng 10/2006.
SELECT MASP, SUM(SL) AS 'Tong SL'
FROM HOADON HD JOIN CTHD
ON HD.SOHD=CTHD.SOHD
WHERE MONTH(NGHD)=10 AND YEAR(NGHD)=2006
GROUP BY MASP

--36. Tính doanh thu bán hàng của từng tháng trong năm 2006.
SELECT MONTH(NGHD) AS 'Thang', SUM(TRIGIA) AS 'Doanh thu'
FROM HOADON
WHERE YEAR(NGHD)=2006
GROUP BY MONTH(NGHD)

--37. Tìm hóa đơn có mua ít nhất 4 sản phẩm khác nhau.
SELECT SOHD, COUNT(DISTINCT MASP) AS SOSP
FROM CTHD
GROUP BY SOHD
HAVING COUNT(DISTINCT MASP)>=4

--38. Tìm hóa đơn có mua 3 sản phẩm do “Viet Nam” sản xuất (3 sản phẩm khác nhau).
SELECT *
FROM  HOADON
WHERE SOHD IN (SELECT SOHD
               FROM  CTHD, SANPHAM SP
               WHERE CTHD.MASP=SP.MASP AND NUOCSX='VIET NAM'
               GROUP BY SOHD
               HAVING COUNT(DISTINCT SP.MASP)=3)

SELECT SOHD
FROM  CTHD, SANPHAM SP
WHERE CTHD.MASP=SP.MASP AND NUOCSX='VIET NAM'
GROUP BY SOHD
HAVING COUNT(DISTINCT SP.MASP)=3

--39. Tìm khách hàng (MAKH, HOTEN) có số lần mua hàng nhiều nhất.
SELECT MAKH, HOTEN
FROM  KHACHHANG
WHERE MAKH IN (SELECT MAKH
               FROM  HOADON
               GROUP BY MAKH
               HAVING COUNT(SOHD)>=ALL(SELECT DISTINCT COUNT(SOHD)
                                       FROM  HOADON
                                       GROUP BY MAKH))

--40. Tháng mấy trong năm 2006, doanh số bán hàng cao nhất ?
SELECT MONTH(NGHD) AS THANG, SUM(TRIGIA) AS DOANHTHU
FROM  HOADON
WHERE YEAR(NGHD)=2006
GROUP BY MONTH(NGHD)
HAVING SUM(TRIGIA)>=ALL(SELECT SUM(TRIGIA)
                        FROM  HOADON
                        WHERE YEAR(NGHD)=2006
                        GROUP BY MONTH(NGHD))

--41. Tìm sản phẩm (MASP, TENSP) có tổng số lượng bán ra thấp nhất trong năm 2006.
SELECT CTHD.MASP, TENSP
FROM  SANPHAM SP,CTHD, HOADON HD
WHERE SP.MASP=CTHD.MASP AND CTHD.SOHD=HD.SOHD AND YEAR(NGHD)=2006
GROUP BY CTHD.MASP,TENSP
HAVING SUM(SL)<=ALL(SELECT  SUM(SL)
                    FROM  CTHD, HOADON HD
                    WHERE CTHD.SOHD=HD.SOHD AND YEAR(NGHD)=2006
                    GROUP BY MASP)
                 
--42. *Mỗi nước sản xuất, tìm sản phẩm (MASP,TENSP) có giá bán cao nhất.
SELECT MASP,TENSP,NUOCSX,GIA
FROM SANPHAM SP1
WHERE GIA IN(SELECT MAX(GIA)
             FROM SANPHAM SP2
			 WHERE SP2.NUOCSX=SP1.NUOCSX)
GROUP BY NUOCSX,MASP,TENSP,GIA

--43. Tìm nước sản xuất sản xuất ít nhất 3 sản phẩm có giá bán khác nhau.
SELECT NUOCSX,COUNT(DISTINCT GIA) AS DEMSOGIA
FROM SANPHAM
GROUP BY NUOCSX
HAVING COUNT(DISTINCT GIA)>=3

--44. *Trong 10 khách hàng có doanh số cao nhất, tìm khách hàng có số lần mua hàng nhiều nhất.
SELECT *
FROM  KHACHHANG
WHERE MAKH IN (SELECT HD.MAKH
               FROM  HOADON HD, KHACHHANG KH
               WHERE HD.MAKH=KH.MAKH AND DOANHSO IN (SELECT TOP 10 DOANHSO
                                                   FROM  KHACHHANG
                                                   ORDER BY DOANHSO DESC) 
               GROUP BY HD.MAKH
               HAVING COUNT(SOHD)>=ALL(SELECT  COUNT(SOHD)
                                       FROM  HOADON HD, KHACHHANG KH
                                       WHERE HD.MAKH=KH.MAKH AND
                                       DOANHSO IN (SELECT TOP 10 DOANHSO
                                                   FROM  KHACHHANG
                                                   ORDER BY DOANHSO DESC)  
                                       GROUP BY HD.MAKH))